{"name":"build-javascript","namedChunkGroups":{"app":{"name":"app","assets":[{"name":"webpack-runtime-f865b646153b5e696bd1.js","size":4152},{"name":"framework-665e3c5c54e88c5c5aea.js","size":140383},{"name":"styles.67321030c53816038195.css","size":36650},{"name":"app-27ff7eda6e310021f6bc.js","size":73200}],"filteredAssets":0,"assetsSize":254385,"filteredAuxiliaryAssets":12,"auxiliaryAssetsSize":896037},"component---src-pages-404-js":{"name":"component---src-pages-404-js","assets":[{"name":"d7eeaac4-551b1c50f369c6c69e95.js","size":2569},{"name":"814c6784-c5bb96ee7d572a050341.js","size":1513},{"name":"1a48c3c1-5c1d5f3504d1a7797ca0.js","size":1091},{"name":"commons-4030cd356b36f37338af.js","size":74405},{"name":"component---src-pages-404-js-79eec5b1e21cca38b6d3.js","size":599}],"filteredAssets":0,"assetsSize":80177,"filteredAuxiliaryAssets":5,"auxiliaryAssetsSize":1725998},"component---src-pages-about-tsx":{"name":"component---src-pages-about-tsx","assets":[{"name":"d7eeaac4-551b1c50f369c6c69e95.js","size":2569},{"name":"814c6784-c5bb96ee7d572a050341.js","size":1513},{"name":"1a48c3c1-5c1d5f3504d1a7797ca0.js","size":1091},{"name":"commons-4030cd356b36f37338af.js","size":74405},{"name":"component---src-pages-about-tsx-13fcb573f2755dc998b6.js","size":728}],"filteredAssets":0,"assetsSize":80306,"filteredAuxiliaryAssets":5,"auxiliaryAssetsSize":1726512},"component---src-pages-hardskills-tsx":{"name":"component---src-pages-hardskills-tsx","assets":[{"name":"d7eeaac4-551b1c50f369c6c69e95.js","size":2569},{"name":"814c6784-c5bb96ee7d572a050341.js","size":1513},{"name":"1a48c3c1-5c1d5f3504d1a7797ca0.js","size":1091},{"name":"d0c16330-06085d01947e76c6955f.js","size":608},{"name":"d0447323-b10af83aa1a26de4cf8b.js","size":23974},{"name":"1bfc9850-0ad218c13e502087c784.js","size":3173},{"name":"70b165ca-99d34128b4a536a116c5.js","size":5541},{"name":"commons-4030cd356b36f37338af.js","size":74405},{"name":"component---src-pages-hardskills-tsx-b87d68f88c54aaf96111.js","size":2936}],"filteredAssets":0,"assetsSize":115810,"filteredAuxiliaryAssets":9,"auxiliaryAssetsSize":8587636},"component---src-pages-index-tsx":{"name":"component---src-pages-index-tsx","assets":[{"name":"d7eeaac4-551b1c50f369c6c69e95.js","size":2569},{"name":"814c6784-c5bb96ee7d572a050341.js","size":1513},{"name":"1a48c3c1-5c1d5f3504d1a7797ca0.js","size":1091},{"name":"commons-4030cd356b36f37338af.js","size":74405},{"name":"component---src-pages-index-tsx-1862c27deb17df9b982c.js","size":1316}],"filteredAssets":0,"assetsSize":80894,"filteredAuxiliaryAssets":5,"auxiliaryAssetsSize":1727438},"component---src-pages-timeline-tsx":{"name":"component---src-pages-timeline-tsx","assets":[{"name":"d7eeaac4-551b1c50f369c6c69e95.js","size":2569},{"name":"814c6784-c5bb96ee7d572a050341.js","size":1513},{"name":"1a48c3c1-5c1d5f3504d1a7797ca0.js","size":1091},{"name":"commons-4030cd356b36f37338af.js","size":74405},{"name":"component---src-pages-timeline-tsx-eafb40ba67498e245b55.js","size":2499}],"filteredAssets":0,"assetsSize":82077,"filteredAuxiliaryAssets":5,"auxiliaryAssetsSize":1730426}},"assetsByChunkName":{"app":["webpack-runtime-f865b646153b5e696bd1.js","framework-665e3c5c54e88c5c5aea.js","styles.67321030c53816038195.css","app-27ff7eda6e310021f6bc.js"],"component---src-pages-404-js":["d7eeaac4-551b1c50f369c6c69e95.js","814c6784-c5bb96ee7d572a050341.js","1a48c3c1-5c1d5f3504d1a7797ca0.js","commons-4030cd356b36f37338af.js","component---src-pages-404-js-79eec5b1e21cca38b6d3.js"],"component---src-pages-about-tsx":["d7eeaac4-551b1c50f369c6c69e95.js","814c6784-c5bb96ee7d572a050341.js","1a48c3c1-5c1d5f3504d1a7797ca0.js","commons-4030cd356b36f37338af.js","component---src-pages-about-tsx-13fcb573f2755dc998b6.js"],"component---src-pages-hardskills-tsx":["d7eeaac4-551b1c50f369c6c69e95.js","814c6784-c5bb96ee7d572a050341.js","1a48c3c1-5c1d5f3504d1a7797ca0.js","d0c16330-06085d01947e76c6955f.js","d0447323-b10af83aa1a26de4cf8b.js","1bfc9850-0ad218c13e502087c784.js","70b165ca-99d34128b4a536a116c5.js","commons-4030cd356b36f37338af.js","component---src-pages-hardskills-tsx-b87d68f88c54aaf96111.js"],"component---src-pages-index-tsx":["d7eeaac4-551b1c50f369c6c69e95.js","814c6784-c5bb96ee7d572a050341.js","1a48c3c1-5c1d5f3504d1a7797ca0.js","commons-4030cd356b36f37338af.js","component---src-pages-index-tsx-1862c27deb17df9b982c.js"],"component---src-pages-timeline-tsx":["d7eeaac4-551b1c50f369c6c69e95.js","814c6784-c5bb96ee7d572a050341.js","1a48c3c1-5c1d5f3504d1a7797ca0.js","commons-4030cd356b36f37338af.js","component---src-pages-timeline-tsx-eafb40ba67498e245b55.js"]},"childAssetsByChunkName":{}}